filename,class,id
images/1.jpg,AmericanFootball,1
images/2.jpg,AmericanFootball,2
images/3.jpg,AmericanFootball,3
images/4.jpg,AmericanFootball,4
images/5.jpg,AmericanFootball,5
images/6.jpg,AmericanFootball,6
images/7.jpg,AmericanFootball,7
images/8.jpg,AmericanFootball,8
images/9.jpg,AmericanFootball,9
images/10.jpg,AmericanFootball,10
images/11.jpg,AmericanFootball,11
images/12.jpg,AmericanFootball,12
images/13.jpg,AmericanFootball,13
images/14.jpg,AmericanFootball,14
images/15.jpg,AmericanFootball,15
images/16.jpg,AmericanFootball,16
images/17.jpg,AmericanFootball,17
images/18.jpg,AmericanFootball,18
images/19.jpg,AmericanFootball,19
images/20.jpg,AmericanFootball,20
images/21.jpg,AmericanFootball,21
images/22.jpg,AmericanFootball,22
images/23.jpg,AmericanFootball,23
images/24.jpg,AmericanFootball,24
images/25.jpg,AmericanFootball,25
images/26.jpg,AmericanFootball,26
images/27.jpg,AmericanFootball,27
images/28.jpg,AmericanFootball,28
images/29.jpg,AmericanFootball,29
images/30.jpg,AmericanFootball,30
images/31.jpg,AmericanFootball,31
images/32.jpg,AmericanFootball,32
images/33.jpg,AmericanFootball,33
images/34.jpg,AmericanFootball,34
images/35.jpg,AmericanFootball,35
images/36.jpg,AmericanFootball,36
images/37.jpg,AmericanFootball,37
images/38.jpg,AmericanFootball,38
images/39.jpg,AmericanFootball,39
images/40.jpg,AmericanFootball,40
images/41.jpg,AmericanFootball,41
images/42.jpg,AmericanFootball,42
images/43.jpg,AmericanFootball,43
images/44.jpg,AmericanFootball,44
images/45.jpg,AmericanFootball,45
images/46.jpg,AmericanFootball,46
images/47.jpg,AmericanFootball,47
images/48.jpg,AmericanFootball,48
images/49.jpg,AmericanFootball,49
images/50.jpg,AmericanFootball,50
images/51.jpg,AmericanFootball,51
images/52.jpg,AmericanFootball,52
images/53.jpg,AmericanFootball,53
images/54.jpg,AmericanFootball,54
images/55.jpg,AmericanFootball,55
images/56.jpg,AmericanFootball,56
images/57.jpg,AmericanFootball,57
images/58.jpg,AmericanFootball,58
images/59.jpg,AmericanFootball,59
images/60.jpg,AmericanFootball,60
images/61.jpg,AmericanFootball,61
images/62.jpg,AmericanFootball,62
images/63.jpg,AmericanFootball,63
images/64.jpg,AmericanFootball,64
images/65.jpg,AmericanFootball,65
images/66.jpg,AmericanFootball,66
images/67.jpg,AmericanFootball,67
images/68.jpg,AmericanFootball,68
images/69.jpg,AmericanFootball,69
images/70.jpg,AmericanFootball,70
images/71.jpg,AmericanFootball,71
images/72.jpg,AmericanFootball,72
images/73.jpg,AmericanFootball,73
images/74.jpg,AmericanFootball,74
images/75.jpg,AmericanFootball,75
images/76.jpg,AmericanFootball,76
images/77.jpg,AmericanFootball,77
images/78.jpg,AmericanFootball,78
images/79.jpg,AmericanFootball,79
images/80.jpg,AmericanFootball,80
images/81.jpg,AmericanFootball,81
images/82.jpg,AmericanFootball,82
images/83.jpg,AmericanFootball,83
images/84.jpg,AmericanFootball,84
images/85.jpg,AmericanFootball,85
images/86.jpg,AmericanFootball,86
images/87.jpg,AmericanFootball,87
images/88.jpg,AmericanFootball,88
images/89.jpg,AmericanFootball,89
images/90.jpg,AmericanFootball,90
images/91.jpg,AmericanFootball,91
images/92.jpg,AmericanFootball,92
images/93.jpg,AmericanFootball,93
images/94.jpg,AmericanFootball,94
images/95.jpg,AmericanFootball,95
images/96.jpg,AmericanFootball,96
images/97.jpg,AmericanFootball,97
images/98.jpg,AmericanFootball,98
images/99.jpg,AmericanFootball,99
images/100.jpg,AmericanFootball,100
images/101.jpg,AmericanFootball,101
images/102.jpg,AmericanFootball,102
images/103.jpg,AmericanFootball,103
images/104.jpg,AmericanFootball,104
images/105.jpg,AmericanFootball,105
images/106.jpg,AmericanFootball,106
images/107.jpg,AmericanFootball,107
images/108.jpg,AmericanFootball,108
images/109.jpg,AmericanFootball,109
images/110.jpg,AmericanFootball,110
images/111.jpg,AmericanFootball,111
images/112.jpg,AmericanFootball,112
images/113.jpg,AmericanFootball,113
images/114.jpg,AmericanFootball,114
images/115.jpg,AmericanFootball,115
images/116.jpg,AmericanFootball,116
images/117.jpg,AmericanFootball,117
images/118.jpg,AmericanFootball,118
images/119.jpg,AmericanFootball,119
images/120.jpg,AmericanFootball,120
images/121.jpg,AmericanFootball,121
images/122.jpg,AmericanFootball,122
images/123.jpg,AmericanFootball,123
images/124.jpg,AmericanFootball,124
images/125.jpg,AmericanFootball,125
images/126.jpg,AmericanFootball,126
images/127.jpg,AmericanFootball,127
images/128.jpg,AmericanFootball,128
images/129.jpg,AmericanFootball,129
images/130.jpg,AmericanFootball,130
images/131.jpg,AmericanFootball,131
images/132.jpg,AmericanFootball,132
images/133.jpg,AmericanFootball,133
images/134.jpg,AmericanFootball,134
images/135.jpg,AmericanFootball,135
images/136.jpg,AmericanFootball,136
images/137.jpg,AmericanFootball,137
images/138.jpg,AmericanFootball,138
images/139.jpg,AmericanFootball,139
images/140.jpg,AmericanFootball,140
images/141.jpg,AmericanFootball,141
images/142.jpg,AmericanFootball,142
images/143.jpg,AmericanFootball,143
images/144.jpg,AmericanFootball,144
images/145.jpg,AmericanFootball,145
images/146.jpg,AmericanFootball,146
images/147.jpg,AmericanFootball,147
images/148.jpg,AmericanFootball,148
images/149.jpg,AmericanFootball,149
images/150.jpg,AmericanFootball,150
images/151.jpg,AmericanFootball,151
images/152.jpg,AmericanFootball,152
images/153.jpg,AmericanFootball,153
images/154.jpg,AmericanFootball,154
images/155.jpg,AmericanFootball,155
images/156.jpg,AmericanFootball,156
images/157.jpg,AmericanFootball,157
images/158.jpg,AmericanFootball,158
images/159.jpg,AmericanFootball,159
images/160.jpg,AmericanFootball,160
images/161.jpg,AmericanFootball,161
images/162.jpg,AmericanFootball,162
images/163.jpg,AmericanFootball,163
images/164.jpg,AmericanFootball,164
images/165.jpg,AmericanFootball,165
images/166.jpg,AmericanFootball,166
images/167.jpg,AmericanFootball,167
images/168.jpg,AmericanFootball,168
images/169.jpg,AmericanFootball,169
images/170.jpg,AmericanFootball,170
images/171.jpg,AmericanFootball,171
images/172.jpg,AmericanFootball,172
images/173.jpg,AmericanFootball,173
images/174.jpg,AmericanFootball,174
images/175.jpg,AmericanFootball,175
images/176.jpg,AmericanFootball,176
images/177.jpg,AmericanFootball,177
images/178.jpg,AmericanFootball,178
images/179.jpg,AmericanFootball,179
images/180.jpg,AmericanFootball,180
images/181.jpg,AmericanFootball,181
images/182.jpg,AmericanFootball,182
images/183.jpg,AmericanFootball,183
images/184.jpg,AmericanFootball,184
images/185.jpg,AmericanFootball,185
images/186.jpg,AmericanFootball,186
images/187.jpg,AmericanFootball,187
images/188.jpg,AmericanFootball,188
images/189.jpg,AmericanFootball,189
images/190.jpg,AmericanFootball,190
images/191.jpg,AmericanFootball,191
images/192.jpg,AmericanFootball,192
images/193.jpg,AmericanFootball,193
images/194.jpg,AmericanFootball,194
images/195.jpg,AmericanFootball,195
images/196.jpg,AmericanFootball,196
images/197.jpg,AmericanFootball,197
images/198.jpg,AmericanFootball,198
images/199.jpg,AmericanFootball,199
images/200.jpg,AmericanFootball,200
images/201.jpg,Basketball,201
images/202.jpg,Basketball,202
images/203.jpg,Basketball,203
images/204.jpg,Basketball,204
images/205.jpg,Basketball,205
images/206.jpg,Basketball,206
images/207.jpg,Basketball,207
images/208.jpg,Basketball,208
images/209.jpg,Basketball,209
images/210.jpg,Basketball,210
images/211.jpg,Basketball,211
images/212.jpg,Basketball,212
images/213.jpg,Basketball,213
images/214.jpg,Basketball,214
images/215.jpg,Basketball,215
images/216.jpg,Basketball,216
images/217.jpg,Basketball,217
images/218.jpg,Basketball,218
images/219.jpg,Basketball,219
images/220.jpg,Basketball,220
images/221.jpg,Basketball,221
images/222.jpg,Basketball,222
images/223.jpg,Basketball,223
images/224.jpg,Basketball,224
images/225.jpg,Basketball,225
images/226.jpg,Basketball,226
images/227.jpg,Basketball,227
images/228.jpg,Basketball,228
images/229.jpg,Basketball,229
images/230.jpg,Basketball,230
images/231.jpg,Basketball,231
images/232.jpg,Basketball,232
images/233.jpg,Basketball,233
images/234.jpg,Basketball,234
images/235.jpg,Basketball,235
images/236.jpg,Basketball,236
images/237.jpg,Basketball,237
images/238.jpg,Basketball,238
images/239.jpg,Basketball,239
images/240.jpg,Basketball,240
images/241.jpg,Basketball,241
images/242.jpg,Basketball,242
images/243.jpg,Basketball,243
images/244.jpg,Basketball,244
images/245.jpg,Basketball,245
images/246.jpg,Basketball,246
images/247.jpg,Basketball,247
images/248.jpg,Basketball,248
images/249.jpg,Basketball,249
images/250.jpg,Basketball,250
images/251.jpg,Basketball,251
images/252.jpg,Basketball,252
images/253.jpg,Basketball,253
images/254.jpg,Basketball,254
images/255.jpg,Basketball,255
images/256.jpg,Basketball,256
images/257.jpg,Basketball,257
images/258.jpg,Basketball,258
images/259.jpg,Basketball,259
images/260.jpg,Basketball,260
images/261.jpg,Basketball,261
images/262.jpg,Basketball,262
images/263.jpg,Basketball,263
images/264.jpg,Basketball,264
images/265.jpg,Basketball,265
images/266.jpg,Basketball,266
images/267.jpg,Basketball,267
images/268.jpg,Basketball,268
images/269.jpg,Basketball,269
images/270.jpg,Basketball,270
images/271.jpg,Basketball,271
images/272.jpg,Basketball,272
images/273.jpg,Basketball,273
images/274.jpg,Basketball,274
images/275.jpg,Basketball,275
images/276.jpg,Basketball,276
images/277.jpg,Basketball,277
images/278.jpg,Basketball,278
images/279.jpg,Basketball,279
images/280.jpg,Basketball,280
images/281.jpg,Basketball,281
images/282.jpg,Basketball,282
images/283.jpg,Basketball,283
images/284.jpg,Basketball,284
images/285.jpg,Basketball,285
images/286.jpg,Basketball,286
images/287.jpg,Basketball,287
images/288.jpg,Basketball,288
images/289.jpg,Basketball,289
images/290.jpg,Basketball,290
images/291.jpg,Basketball,291
images/292.jpg,Basketball,292
images/293.jpg,Basketball,293
images/294.jpg,Basketball,294
images/295.jpg,Basketball,295
images/296.jpg,Basketball,296
images/297.jpg,Basketball,297
images/298.jpg,Basketball,298
images/299.jpg,Basketball,299
images/300.jpg,Basketball,300
images/301.jpg,Basketball,301
images/302.jpg,Basketball,302
images/303.jpg,Basketball,303
images/304.jpg,Basketball,304
images/305.jpg,Basketball,305
images/306.jpg,Basketball,306
images/307.jpg,Basketball,307
images/308.jpg,Basketball,308
images/309.jpg,Basketball,309
images/310.jpg,Basketball,310
images/311.jpg,Basketball,311
images/312.jpg,Basketball,312
images/313.jpg,Basketball,313
images/314.jpg,Basketball,314
images/315.jpg,Basketball,315
images/316.jpg,Basketball,316
images/317.jpg,Basketball,317
images/318.jpg,Basketball,318
images/319.jpg,Basketball,319
images/320.jpg,Basketball,320
images/321.jpg,Basketball,321
images/322.jpg,Basketball,322
images/323.jpg,Basketball,323
images/324.jpg,Basketball,324
images/325.jpg,Basketball,325
images/326.jpg,Basketball,326
images/327.jpg,Basketball,327
images/328.jpg,Basketball,328
images/329.jpg,Basketball,329
images/330.jpg,Basketball,330
images/331.jpg,Basketball,331
images/332.jpg,Basketball,332
images/333.jpg,Basketball,333
images/334.jpg,Basketball,334
images/335.jpg,Basketball,335
images/336.jpg,Basketball,336
images/337.jpg,Basketball,337
images/338.jpg,Basketball,338
images/339.jpg,Basketball,339
images/340.jpg,Basketball,340
images/341.jpg,Basketball,341
images/342.jpg,Basketball,342
images/343.jpg,Basketball,343
images/344.jpg,Basketball,344
images/345.jpg,Basketball,345
images/346.jpg,Basketball,346
images/347.jpg,Basketball,347
images/348.jpg,Basketball,348
images/349.jpg,Basketball,349
images/350.jpg,Basketball,350
images/351.jpg,Basketball,351
images/352.jpg,Basketball,352
images/353.jpg,Basketball,353
images/354.jpg,Basketball,354
images/355.jpg,Basketball,355
images/356.jpg,Basketball,356
images/357.jpg,Basketball,357
images/358.jpg,Basketball,358
images/359.jpg,Basketball,359
images/360.jpg,Basketball,360
images/361.jpg,Basketball,361
images/362.jpg,Basketball,362
images/363.jpg,Basketball,363
images/364.jpg,Basketball,364
images/365.jpg,Basketball,365
images/366.jpg,Basketball,366
images/367.jpg,Basketball,367
images/368.jpg,Basketball,368
images/369.jpg,Basketball,369
images/370.jpg,Basketball,370
images/371.jpg,Basketball,371
images/372.jpg,Basketball,372
images/373.jpg,Basketball,373
images/374.jpg,Basketball,374
images/375.jpg,Basketball,375
images/376.jpg,Basketball,376
images/377.jpg,Basketball,377
images/378.jpg,Basketball,378
images/379.jpg,Basketball,379
images/380.jpg,Basketball,380
images/381.jpg,Basketball,381
images/382.jpg,Basketball,382
images/383.jpg,Basketball,383
images/384.jpg,Basketball,384
images/385.jpg,Basketball,385
images/386.jpg,Basketball,386
images/387.jpg,Basketball,387
images/388.jpg,Basketball,388
images/389.jpg,Basketball,389
images/390.jpg,Basketball,390
images/391.jpg,Basketball,391
images/392.jpg,Basketball,392
images/393.jpg,Basketball,393
images/394.jpg,Basketball,394
images/395.jpg,Basketball,395
images/396.jpg,Basketball,396
images/397.jpg,Basketball,397
images/398.jpg,Basketball,398
images/399.jpg,Basketball,399
images/400.jpg,Basketball,400
images/401.jpg,Soccer,401
images/402.jpg,Soccer,402
images/403.jpg,Soccer,403
images/404.jpg,Soccer,404
images/405.jpg,Soccer,405
images/406.jpg,Soccer,406
images/407.jpg,Soccer,407
images/408.jpg,Soccer,408
images/409.jpg,Soccer,409
images/410.jpg,Soccer,410
images/411.jpg,Soccer,411
images/412.jpg,Soccer,412
images/413.jpg,Soccer,413
images/414.jpg,Soccer,414
images/415.jpg,Soccer,415
images/416.jpg,Soccer,416
images/417.jpg,Soccer,417
images/418.jpg,Soccer,418
images/419.jpg,Soccer,419
images/420.jpg,Soccer,420
images/421.jpg,Soccer,421
images/422.jpg,Soccer,422
images/423.jpg,Soccer,423
images/424.jpg,Soccer,424
images/425.jpg,Soccer,425
images/426.jpg,Soccer,426
images/427.jpg,Soccer,427
images/428.jpg,Soccer,428
images/429.jpg,Soccer,429
images/430.jpg,Soccer,430
images/431.jpg,Soccer,431
images/432.jpg,Soccer,432
images/433.jpg,Soccer,433
images/434.jpg,Soccer,434
images/435.jpg,Soccer,435
images/436.jpg,Soccer,436
images/437.jpg,Soccer,437
images/438.jpg,Soccer,438
images/439.jpg,Soccer,439
images/440.jpg,Soccer,440
images/441.jpg,Soccer,441
images/442.jpg,Soccer,442
images/443.jpg,Soccer,443
images/444.jpg,Soccer,444
images/445.jpg,Soccer,445
images/446.jpg,Soccer,446
images/447.jpg,Soccer,447
images/448.jpg,Soccer,448
images/449.jpg,Soccer,449
images/450.jpg,Soccer,450
images/451.jpg,Soccer,451
images/452.jpg,Soccer,452
images/453.jpg,Soccer,453
images/454.jpg,Soccer,454
images/455.jpg,Soccer,455
images/456.jpg,Soccer,456
images/457.jpg,Soccer,457
images/458.jpg,Soccer,458
images/459.jpg,Soccer,459
images/460.jpg,Soccer,460
images/461.jpg,Soccer,461
images/462.jpg,Soccer,462
images/463.jpg,Soccer,463
images/464.jpg,Soccer,464
images/465.jpg,Soccer,465
images/466.jpg,Soccer,466
images/467.jpg,Soccer,467
images/468.jpg,Soccer,468
images/469.jpg,Soccer,469
images/470.jpg,Soccer,470
images/471.jpg,Soccer,471
images/472.jpg,Soccer,472
images/473.jpg,Soccer,473
images/474.jpg,Soccer,474
images/475.jpg,Soccer,475
images/476.jpg,Soccer,476
images/477.jpg,Soccer,477
images/478.jpg,Soccer,478
images/479.jpg,Soccer,479
images/480.jpg,Soccer,480
images/481.jpg,Soccer,481
images/482.jpg,Soccer,482
images/483.jpg,Soccer,483
images/484.jpg,Soccer,484
images/485.jpg,Soccer,485
images/486.jpg,Soccer,486
images/487.jpg,Soccer,487
images/488.jpg,Soccer,488
images/489.jpg,Soccer,489
images/490.jpg,Soccer,490
images/491.jpg,Soccer,491
images/492.jpg,Soccer,492
images/493.jpg,Soccer,493
images/494.jpg,Soccer,494
images/495.jpg,Soccer,495
images/496.jpg,Soccer,496
images/497.jpg,Soccer,497
images/498.jpg,Soccer,498
images/499.jpg,Soccer,499
images/500.jpg,Soccer,500
images/501.jpg,Soccer,501
images/502.jpg,Soccer,502
images/503.jpg,Soccer,503
images/504.jpg,Soccer,504
images/505.jpg,Soccer,505
images/506.jpg,Soccer,506
images/507.jpg,Soccer,507
images/508.jpg,Soccer,508
images/509.jpg,Soccer,509
images/510.jpg,Soccer,510
images/511.jpg,Soccer,511
images/512.jpg,Soccer,512
images/513.jpg,Soccer,513
images/514.jpg,Soccer,514
images/515.jpg,Soccer,515
images/516.jpg,Soccer,516
images/517.jpg,Soccer,517
images/518.jpg,Soccer,518
images/519.jpg,Soccer,519
images/520.jpg,Soccer,520
images/521.jpg,Soccer,521
images/522.jpg,Soccer,522
images/523.jpg,Soccer,523
images/524.jpg,Soccer,524
images/525.jpg,Soccer,525
images/526.jpg,Soccer,526
images/527.jpg,Soccer,527
images/528.jpg,Soccer,528
images/529.jpg,Soccer,529
images/530.jpg,Soccer,530
images/531.jpg,Soccer,531
images/532.jpg,Soccer,532
images/533.jpg,Soccer,533
images/534.jpg,Soccer,534
images/535.jpg,Soccer,535
images/536.jpg,Soccer,536
images/537.jpg,Soccer,537
images/538.jpg,Soccer,538
images/539.jpg,Soccer,539
images/540.jpg,Soccer,540
images/541.jpg,Soccer,541
images/542.jpg,Soccer,542
images/543.jpg,Soccer,543
images/544.jpg,Soccer,544
images/545.jpg,Soccer,545
images/546.jpg,Soccer,546
images/547.jpg,Soccer,547
images/548.jpg,Soccer,548
images/549.jpg,Soccer,549
images/550.jpg,Soccer,550
images/551.jpg,Soccer,551
images/552.jpg,Soccer,552
images/553.jpg,Soccer,553
images/554.jpg,Soccer,554
images/555.jpg,Soccer,555
images/556.jpg,Soccer,556
images/557.jpg,Soccer,557
images/558.jpg,Soccer,558
images/559.jpg,Soccer,559
images/560.jpg,Soccer,560
images/561.jpg,Soccer,561
images/562.jpg,Soccer,562
images/563.jpg,Soccer,563
images/564.jpg,Soccer,564
images/565.jpg,Soccer,565
images/566.jpg,Soccer,566
images/567.jpg,Soccer,567
images/568.jpg,Soccer,568
images/569.jpg,Soccer,569
images/570.jpg,Soccer,570
images/571.jpg,Soccer,571
images/572.jpg,Soccer,572
images/573.jpg,Soccer,573
images/574.jpg,Soccer,574
images/575.jpg,Soccer,575
images/576.jpg,Soccer,576
images/577.jpg,Soccer,577
images/578.jpg,Soccer,578
images/579.jpg,Soccer,579
images/580.jpg,Soccer,580
images/581.jpg,Soccer,581
images/582.jpg,Soccer,582
images/583.jpg,Soccer,583
images/584.jpg,Soccer,584
images/585.jpg,Soccer,585
images/586.jpg,Soccer,586
images/587.jpg,Soccer,587
images/588.jpg,Soccer,588
images/589.jpg,Soccer,589
images/590.jpg,Soccer,590
images/591.jpg,Soccer,591
images/592.jpg,Soccer,592
images/593.jpg,Soccer,593
images/594.jpg,Soccer,594
images/595.jpg,Soccer,595
images/596.jpg,Soccer,596
images/597.jpg,Soccer,597
images/598.jpg,Soccer,598
images/599.jpg,Soccer,599
images/600.jpg,Soccer,600
images/601.jpg,Tennis,601
images/602.jpg,Tennis,602
images/603.jpg,Tennis,603
images/604.jpg,Tennis,604
images/605.jpg,Tennis,605
images/606.jpg,Tennis,606
images/607.jpg,Tennis,607
images/608.jpg,Tennis,608
images/609.jpg,Tennis,609
images/610.jpg,Tennis,610
images/611.jpg,Tennis,611
images/612.jpg,Tennis,612
images/613.jpg,Tennis,613
images/614.jpg,Tennis,614
images/615.jpg,Tennis,615
images/616.jpg,Tennis,616
images/617.jpg,Tennis,617
images/618.jpg,Tennis,618
images/619.jpg,Tennis,619
images/620.jpg,Tennis,620
images/621.jpg,Tennis,621
images/622.jpg,Tennis,622
images/623.jpg,Tennis,623
images/624.jpg,Tennis,624
images/625.jpg,Tennis,625
images/626.jpg,Tennis,626
images/627.jpg,Tennis,627
images/628.jpg,Tennis,628
images/629.jpg,Tennis,629
images/630.jpg,Tennis,630
images/631.jpg,Tennis,631
images/632.jpg,Tennis,632
images/633.jpg,Tennis,633
images/634.jpg,Tennis,634
images/635.jpg,Tennis,635
images/636.jpg,Tennis,636
images/637.jpg,Tennis,637
images/638.jpg,Tennis,638
images/639.jpg,Tennis,639
images/640.jpg,Tennis,640
images/641.jpg,Tennis,641
images/642.jpg,Tennis,642
images/643.jpg,Tennis,643
images/644.jpg,Tennis,644
images/645.jpg,Tennis,645
images/646.jpg,Tennis,646
images/647.jpg,Tennis,647
images/648.jpg,Tennis,648
images/649.jpg,Tennis,649
images/650.jpg,Tennis,650
images/651.jpg,Tennis,651
images/652.jpg,Tennis,652
images/653.jpg,Tennis,653
images/654.jpg,Tennis,654
images/655.jpg,Tennis,655
images/656.jpg,Tennis,656
images/657.jpg,Tennis,657
images/658.jpg,Tennis,658
images/659.jpg,Tennis,659
images/660.jpg,Tennis,660
images/661.jpg,Tennis,661
images/662.jpg,Tennis,662
images/663.jpg,Tennis,663
images/664.jpg,Tennis,664
images/665.jpg,Tennis,665
images/666.jpg,Tennis,666
images/667.jpg,Tennis,667
images/668.jpg,Tennis,668
images/669.jpg,Tennis,669
images/670.jpg,Tennis,670
images/671.jpg,Tennis,671
images/672.jpg,Tennis,672
images/673.jpg,Tennis,673
images/674.jpg,Tennis,674
images/675.jpg,Tennis,675
images/676.jpg,Tennis,676
images/677.jpg,Tennis,677
images/678.jpg,Tennis,678
images/679.jpg,Tennis,679
images/680.jpg,Tennis,680
images/681.jpg,Tennis,681
images/682.jpg,Tennis,682
images/683.jpg,Tennis,683
images/684.jpg,Tennis,684
images/685.jpg,Tennis,685
images/686.jpg,Tennis,686
images/687.jpg,Tennis,687
images/688.jpg,Tennis,688
images/689.jpg,Tennis,689
images/690.jpg,Tennis,690
images/691.jpg,Tennis,691
images/692.jpg,Tennis,692
images/693.jpg,Tennis,693
images/694.jpg,Tennis,694
images/695.jpg,Tennis,695
images/696.jpg,Tennis,696
images/697.jpg,Tennis,697
images/698.jpg,Tennis,698
images/699.jpg,Tennis,699
images/700.jpg,Tennis,700
images/701.jpg,Tennis,701
images/702.jpg,Tennis,702
images/703.jpg,Tennis,703
images/704.jpg,Tennis,704
images/705.jpg,Tennis,705
images/706.jpg,Tennis,706
images/707.jpg,Tennis,707
images/708.jpg,Tennis,708
images/709.jpg,Tennis,709
images/710.jpg,Tennis,710
images/711.jpg,Tennis,711
images/712.jpg,Tennis,712
images/713.jpg,Tennis,713
images/714.jpg,Tennis,714
images/715.jpg,Tennis,715
images/716.jpg,Tennis,716
images/717.jpg,Tennis,717
images/718.jpg,Tennis,718
images/719.jpg,Tennis,719
images/720.jpg,Tennis,720
images/721.jpg,Tennis,721
images/722.jpg,Tennis,722
images/723.jpg,Tennis,723
images/724.jpg,Tennis,724
images/725.jpg,Tennis,725
images/726.jpg,Tennis,726
images/727.jpg,Tennis,727
images/728.jpg,Tennis,728
images/729.jpg,Tennis,729
images/730.jpg,Tennis,730
images/731.jpg,Tennis,731
images/732.jpg,Tennis,732
images/733.jpg,Tennis,733
images/734.jpg,Tennis,734
images/735.jpg,Tennis,735
images/736.jpg,Tennis,736
images/737.jpg,Tennis,737
images/738.jpg,Tennis,738
images/739.jpg,Tennis,739
images/740.jpg,Tennis,740
images/741.jpg,Tennis,741
images/742.jpg,Tennis,742
images/743.jpg,Tennis,743
images/744.jpg,Tennis,744
images/745.jpg,Tennis,745
images/746.jpg,Tennis,746
images/747.jpg,Tennis,747
images/748.jpg,Tennis,748
images/749.jpg,Tennis,749
images/750.jpg,Tennis,750
images/751.jpg,Tennis,751
images/752.jpg,Tennis,752
images/753.jpg,Tennis,753
images/754.jpg,Tennis,754
images/755.jpg,Tennis,755
images/756.jpg,Tennis,756
images/757.jpg,Tennis,757
images/758.jpg,Tennis,758
images/759.jpg,Tennis,759
images/760.jpg,Tennis,760
images/761.jpg,Tennis,761
images/762.jpg,Tennis,762
images/763.jpg,Tennis,763
images/764.jpg,Tennis,764
images/765.jpg,Tennis,765
images/766.jpg,Tennis,766
images/767.jpg,Tennis,767
images/768.jpg,Tennis,768
images/769.jpg,Tennis,769
images/770.jpg,Tennis,770
images/771.jpg,Tennis,771
images/772.jpg,Tennis,772
images/773.jpg,Tennis,773
images/774.jpg,Tennis,774
images/775.jpg,Tennis,775
images/776.jpg,Tennis,776
images/777.jpg,Tennis,777
images/778.jpg,Tennis,778
images/779.jpg,Tennis,779
images/780.jpg,Tennis,780
images/781.jpg,Tennis,781
images/782.jpg,Tennis,782
images/783.jpg,Tennis,783
images/784.jpg,Tennis,784
images/785.jpg,Tennis,785
images/786.jpg,Tennis,786
images/787.jpg,Tennis,787
images/788.jpg,Tennis,788
images/789.jpg,Tennis,789
images/790.jpg,Tennis,790
images/791.jpg,Tennis,791
images/792.jpg,Tennis,792
images/793.jpg,Tennis,793
images/794.jpg,Tennis,794
images/795.jpg,Tennis,795
images/796.jpg,Tennis,796
images/797.jpg,Tennis,797
images/798.jpg,Tennis,798
images/799.jpg,Tennis,799
images/800.jpg,Tennis,800
images/801.jpg,Volleyball,801
images/802.jpg,Volleyball,802
images/803.jpg,Volleyball,803
images/804.jpg,Volleyball,804
images/805.jpg,Volleyball,805
images/806.jpg,Volleyball,806
images/807.jpg,Volleyball,807
images/808.jpg,Volleyball,808
images/809.jpg,Volleyball,809
images/810.jpg,Volleyball,810
images/811.jpg,Volleyball,811
images/812.jpg,Volleyball,812
images/813.jpg,Volleyball,813
images/814.jpg,Volleyball,814
images/815.jpg,Volleyball,815
images/816.jpg,Volleyball,816
images/817.jpg,Volleyball,817
images/818.jpg,Volleyball,818
images/819.jpg,Volleyball,819
images/820.jpg,Volleyball,820
images/821.jpg,Volleyball,821
images/822.jpg,Volleyball,822
images/823.jpg,Volleyball,823
images/824.jpg,Volleyball,824
images/825.jpg,Volleyball,825
images/826.jpg,Volleyball,826
images/827.jpg,Volleyball,827
images/828.jpg,Volleyball,828
images/829.jpg,Volleyball,829
images/830.jpg,Volleyball,830
images/831.jpg,Volleyball,831
images/832.jpg,Volleyball,832
images/833.jpg,Volleyball,833
images/834.jpg,Volleyball,834
images/835.jpg,Volleyball,835
images/836.jpg,Volleyball,836
images/837.jpg,Volleyball,837
images/838.jpg,Volleyball,838
images/839.jpg,Volleyball,839
images/840.jpg,Volleyball,840
images/841.jpg,Volleyball,841
images/842.jpg,Volleyball,842
images/843.jpg,Volleyball,843
images/844.jpg,Volleyball,844
images/845.jpg,Volleyball,845
images/846.jpg,Volleyball,846
images/847.jpg,Volleyball,847
images/848.jpg,Volleyball,848
images/849.jpg,Volleyball,849
images/850.jpg,Volleyball,850
images/851.jpg,Volleyball,851
images/852.jpg,Volleyball,852
images/853.jpg,Volleyball,853
images/854.jpg,Volleyball,854
images/855.jpg,Volleyball,855
images/856.jpg,Volleyball,856
images/857.jpg,Volleyball,857
images/858.jpg,Volleyball,858
images/859.jpg,Volleyball,859
images/860.jpg,Volleyball,860
images/861.jpg,Volleyball,861
images/862.jpg,Volleyball,862
images/863.jpg,Volleyball,863
images/864.jpg,Volleyball,864
images/865.jpg,Volleyball,865
images/866.jpg,Volleyball,866
images/867.jpg,Volleyball,867
images/868.jpg,Volleyball,868
images/869.jpg,Volleyball,869
images/870.jpg,Volleyball,870
images/871.jpg,Volleyball,871
images/872.jpg,Volleyball,872
images/873.jpg,Volleyball,873
images/874.jpg,Volleyball,874
images/875.jpg,Volleyball,875
images/876.jpg,Volleyball,876
images/877.jpg,Volleyball,877
images/878.jpg,Volleyball,878
images/879.jpg,Volleyball,879
images/880.jpg,Volleyball,880
images/881.jpg,Volleyball,881
images/882.jpg,Volleyball,882
images/883.jpg,Volleyball,883
images/884.jpg,Volleyball,884
images/885.jpg,Volleyball,885
images/886.jpg,Volleyball,886
images/887.jpg,Volleyball,887
images/888.jpg,Volleyball,888
images/889.jpg,Volleyball,889
images/890.jpg,Volleyball,890
images/891.jpg,Volleyball,891
images/892.jpg,Volleyball,892
images/893.jpg,Volleyball,893
images/894.jpg,Volleyball,894
images/895.jpg,Volleyball,895
images/896.jpg,Volleyball,896
images/897.jpg,Volleyball,897
images/898.jpg,Volleyball,898
images/899.jpg,Volleyball,899
images/900.jpg,Volleyball,900
images/901.jpg,Volleyball,901
images/902.jpg,Volleyball,902
images/903.jpg,Volleyball,903
images/904.jpg,Volleyball,904
images/905.jpg,Volleyball,905
images/906.jpg,Volleyball,906
images/907.jpg,Volleyball,907
images/908.jpg,Volleyball,908
images/909.jpg,Volleyball,909
images/910.jpg,Volleyball,910
images/911.jpg,Volleyball,911
images/912.jpg,Volleyball,912
images/913.jpg,Volleyball,913
images/914.jpg,Volleyball,914
images/915.jpg,Volleyball,915
images/916.jpg,Volleyball,916
images/917.jpg,Volleyball,917
images/918.jpg,Volleyball,918
images/919.jpg,Volleyball,919
images/920.jpg,Volleyball,920
images/921.jpg,Volleyball,921
images/922.jpg,Volleyball,922
images/923.jpg,Volleyball,923
images/924.jpg,Volleyball,924
images/925.jpg,Volleyball,925
images/926.jpg,Volleyball,926
images/927.jpg,Volleyball,927
images/928.jpg,Volleyball,928
images/929.jpg,Volleyball,929
images/930.jpg,Volleyball,930
images/931.jpg,Volleyball,931
images/932.jpg,Volleyball,932
images/933.jpg,Volleyball,933
images/934.jpg,Volleyball,934
images/935.jpg,Volleyball,935
images/936.jpg,Volleyball,936
images/937.jpg,Volleyball,937
images/938.jpg,Volleyball,938
images/939.jpg,Volleyball,939
images/940.jpg,Volleyball,940
images/941.jpg,Volleyball,941
images/942.jpg,Volleyball,942
images/943.jpg,Volleyball,943
images/944.jpg,Volleyball,944
images/945.jpg,Volleyball,945
images/946.jpg,Volleyball,946
images/947.jpg,Volleyball,947
images/948.jpg,Volleyball,948
images/949.jpg,Volleyball,949
images/950.jpg,Volleyball,950
images/951.jpg,Volleyball,951
images/952.jpg,Volleyball,952
images/953.jpg,Volleyball,953
images/954.jpg,Volleyball,954
images/955.jpg,Volleyball,955
images/956.jpg,Volleyball,956
images/957.jpg,Volleyball,957
images/958.jpg,Volleyball,958
images/959.jpg,Volleyball,959
images/960.jpg,Volleyball,960
images/961.jpg,Volleyball,961
images/962.jpg,Volleyball,962
images/963.jpg,Volleyball,963
images/964.jpg,Volleyball,964
images/965.jpg,Volleyball,965
images/966.jpg,Volleyball,966
images/967.jpg,Volleyball,967
images/968.jpg,Volleyball,968
images/969.jpg,Volleyball,969
images/970.jpg,Volleyball,970
images/971.jpg,Volleyball,971
images/972.jpg,Volleyball,972
images/973.jpg,Volleyball,973
images/974.jpg,Volleyball,974
images/975.jpg,Volleyball,975
images/976.jpg,Volleyball,976
images/977.jpg,Volleyball,977
images/978.jpg,Volleyball,978
images/979.jpg,Volleyball,979
images/980.jpg,Volleyball,980
images/981.jpg,Volleyball,981
images/982.jpg,Volleyball,982
images/983.jpg,Volleyball,983
images/984.jpg,Volleyball,984
images/985.jpg,Volleyball,985
images/986.jpg,Volleyball,986
images/987.jpg,Volleyball,987
images/988.jpg,Volleyball,988
images/989.jpg,Volleyball,989
images/990.jpg,Volleyball,990
images/991.jpg,Volleyball,991
images/992.jpg,Volleyball,992
images/993.jpg,Volleyball,993
images/994.jpg,Volleyball,994
images/995.jpg,Volleyball,995
images/996.jpg,Volleyball,996
images/997.jpg,Volleyball,997
images/998.jpg,Volleyball,998
images/999.jpg,Volleyball,999
images/1000.jpg,Volleyball,1000
